,date,ta,yr
0,2000-01-01,1.2,2000
1,2000-01-02,3.6,2000
2,2000-01-03,5.7,2000
3,2000-01-04,5.1,2000
4,2000-01-05,2.2,2000
5,2000-01-06,1.8,2000
6,2000-01-07,4.2,2000
7,2000-01-08,4.2,2000
8,2000-01-09,4.2,2000
9,2000-01-10,1.7,2000
10,2000-01-11,-0.8,2000
11,2000-01-12,-2.2,2000
12,2000-01-13,-4.4,2000
13,2000-01-14,-1.2,2000
14,2000-01-15,-2.2,2000
15,2000-01-16,2.1,2000
16,2000-01-17,7.4,2000
17,2000-01-18,3.8,2000
18,2000-01-19,0.5,2000
19,2000-01-20,3.6,2000
20,2000-01-21,-3.0,2000
21,2000-01-22,-3.4,2000
22,2000-01-23,-8.9,2000
23,2000-01-24,-6.8,2000
24,2000-01-25,-7.6,2000
25,2000-01-26,1.0,2000
26,2000-01-27,2.2,2000
27,2000-01-28,1.8,2000
28,2000-01-29,5.2,2000
29,2000-01-30,4.4,2000
30,2000-01-31,6.9,2000
31,2000-02-01,8.5,2000
32,2000-02-02,6.1,2000
33,2000-02-03,2.3,2000
34,2000-02-04,5.6,2000
35,2000-02-05,6.3,2000
36,2000-02-06,6.9,2000
37,2000-02-07,7.4,2000
38,2000-02-08,8.6,2000
39,2000-02-09,5.2,2000
40,2000-02-10,6.7,2000
41,2000-02-11,3.3,2000
42,2000-02-12,2.5,2000
43,2000-02-13,1.8,2000
44,2000-02-14,1.7,2000
45,2000-02-15,3.9,2000
46,2000-02-16,2.0,2000
47,2000-02-17,1.0,2000
48,2000-02-18,1.6,2000
49,2000-02-19,1.7,2000
50,2000-02-20,1.4,2000
51,2000-02-21,-1.1,2000
52,2000-02-22,-0.4,2000
53,2000-02-23,1.5,2000
54,2000-02-24,3.1,2000
55,2000-02-25,2.1,2000
56,2000-02-26,4.4,2000
57,2000-02-27,4.7,2000
58,2000-02-28,9.7,2000
59,2000-02-29,6.4,2000
60,2000-03-01,5.2,2000
61,2000-03-02,3.8,2000
62,2000-03-03,4.7,2000
63,2000-03-04,1.5,2000
64,2000-03-05,1.5,2000
65,2000-03-06,6.0,2000
66,2000-03-07,9.1,2000
67,2000-03-08,10.2,2000
68,2000-03-09,7.8,2000
69,2000-03-10,2.6,2000
70,2000-03-11,6.0,2000
71,2000-03-12,2.4,2000
72,2000-03-13,7.2,2000
73,2000-03-14,6.9,2000
74,2000-03-15,3.5,2000
75,2000-03-16,3.1,2000
76,2000-03-17,2.8,2000
77,2000-03-18,3.2,2000
78,2000-03-19,4.4,2000
79,2000-03-20,5.1,2000
80,2000-03-21,4.3,2000
81,2000-03-22,4.9,2000
82,2000-03-23,6.0,2000
83,2000-03-24,6.8,2000
84,2000-03-25,7.6,2000
85,2000-03-26,8.3,2000
86,2000-03-27,5.3,2000
87,2000-03-28,6.3,2000
88,2000-03-29,7.2,2000
89,2000-03-30,6.0,2000
90,2000-03-31,5.0,2000
91,2000-04-01,6.4,2000
92,2000-04-02,7.8,2000
93,2000-04-03,9.5,2000
94,2000-04-04,7.2,2000
95,2000-04-05,4.5,2000
96,2000-04-06,4.9,2000
97,2000-04-07,5.8,2000
98,2000-04-08,5.4,2000
99,2000-04-09,3.9,2000
100,2000-04-10,5.7,2000
101,2000-04-11,6.9,2000
102,2000-04-12,6.4,2000
103,2000-04-13,7.8,2000
104,2000-04-14,7.3,2000
105,2000-04-15,12.0,2000
106,2000-04-16,8.7,2000
107,2000-04-17,14.2,2000
108,2000-04-18,13.6,2000
109,2000-04-19,13.8,2000
110,2000-04-20,13.4,2000
111,2000-04-21,16.8,2000
112,2000-04-22,19.0,2000
113,2000-04-23,21.8,2000
114,2000-04-24,16.0,2000
115,2000-04-25,11.5,2000
116,2000-04-26,15.7,2000
117,2000-04-27,19.1,2000
118,2000-04-28,20.6,2000
119,2000-04-29,21.3,2000
120,2000-04-30,19.8,2000
121,2000-05-01,19.6,2000
122,2000-05-02,15.8,2000
123,2000-05-03,13.7,2000
124,2000-05-04,15.8,2000
125,2000-05-05,17.4,2000
126,2000-05-06,18.1,2000
127,2000-05-07,19.2,2000
128,2000-05-08,21.2,2000
129,2000-05-09,18.8,2000
130,2000-05-10,20.0,2000
131,2000-05-11,20.9,2000
132,2000-05-12,14.2,2000
133,2000-05-13,14.3,2000
134,2000-05-14,17.9,2000
135,2000-05-15,22.8,2000
136,2000-05-16,21.7,2000
137,2000-05-17,21.2,2000
138,2000-05-18,13.8,2000
139,2000-05-19,12.3,2000
140,2000-05-20,10.7,2000
141,2000-05-21,12.9,2000
142,2000-05-22,11.8,2000
143,2000-05-23,14.7,2000
144,2000-05-24,17.0,2000
145,2000-05-25,16.6,2000
146,2000-05-26,15.0,2000
147,2000-05-27,12.8,2000
148,2000-05-28,16.2,2000
149,2000-05-29,11.8,2000
150,2000-05-30,10.8,2000
151,2000-05-31,13.6,2000
152,2000-06-01,17.3,2000
153,2000-06-02,22.5,2000
154,2000-06-03,21.2,2000
155,2000-06-04,21.0,2000
156,2000-06-05,18.6,2000
157,2000-06-06,15.3,2000
158,2000-06-07,14.5,2000
159,2000-06-08,15.6,2000
160,2000-06-09,21.4,2000
161,2000-06-10,26.5,2000
162,2000-06-11,22.1,2000
163,2000-06-12,19.1,2000
164,2000-06-13,23.8,2000
165,2000-06-14,20.6,2000
166,2000-06-15,14.1,2000
167,2000-06-16,13.8,2000
168,2000-06-17,14.8,2000
169,2000-06-18,18.9,2000
170,2000-06-19,24.8,2000
171,2000-06-20,28.4,2000
172,2000-06-21,27.8,2000
173,2000-06-22,22.2,2000
174,2000-06-23,18.9,2000
175,2000-06-24,13.6,2000
176,2000-06-25,14.5,2000
177,2000-06-26,13.1,2000
178,2000-06-27,13.0,2000
179,2000-06-28,12.2,2000
180,2000-06-29,12.6,2000
181,2000-06-30,13.3,2000
182,2000-07-01,18.4,2000
183,2000-07-02,16.9,2000
184,2000-07-03,19.1,2000
185,2000-07-04,17.6,2000
186,2000-07-05,17.9,2000
187,2000-07-06,17.1,2000
188,2000-07-07,17.9,2000
189,2000-07-08,14.4,2000
190,2000-07-09,16.7,2000
191,2000-07-10,16.9,2000
192,2000-07-11,18.6,2000
193,2000-07-12,14.7,2000
194,2000-07-13,15.4,2000
195,2000-07-14,14.0,2000
196,2000-07-15,14.7,2000
197,2000-07-16,17.7,2000
198,2000-07-17,16.3,2000
199,2000-07-18,14.3,2000
200,2000-07-19,13.7,2000
201,2000-07-20,15.8,2000
202,2000-07-21,14.4,2000
203,2000-07-22,14.4,2000
204,2000-07-23,17.5,2000
205,2000-07-24,20.5,2000
206,2000-07-25,18.5,2000
207,2000-07-26,19.1,2000
208,2000-07-27,19.0,2000
209,2000-07-28,18.1,2000
210,2000-07-29,16.4,2000
211,2000-07-30,16.5,2000
212,2000-07-31,16.2,2000
213,2000-08-01,20.6,2000
214,2000-08-02,17.9,2000
215,2000-08-03,18.7,2000
216,2000-08-04,17.9,2000
217,2000-08-05,19.8,2000
218,2000-08-06,19.0,2000
219,2000-08-07,15.8,2000
220,2000-08-08,15.6,2000
221,2000-08-09,15.4,2000
222,2000-08-10,18.6,2000
223,2000-08-11,17.4,2000
224,2000-08-12,18.9,2000
225,2000-08-13,21.2,2000
226,2000-08-14,23.2,2000
227,2000-08-15,21.8,2000
228,2000-08-16,20.0,2000
229,2000-08-17,19.4,2000
230,2000-08-18,19.6,2000
231,2000-08-19,20.0,2000
232,2000-08-20,20.6,2000
233,2000-08-21,18.4,2000
234,2000-08-22,16.0,2000
235,2000-08-23,15.3,2000
236,2000-08-24,17.3,2000
237,2000-08-25,16.1,2000
238,2000-08-26,16.6,2000
239,2000-08-27,18.5,2000
240,2000-08-28,16.4,2000
241,2000-08-29,16.5,2000
242,2000-08-30,15.8,2000
243,2000-08-31,16.1,2000
244,2000-09-01,17.9,2000
245,2000-09-02,14.9,2000
246,2000-09-03,13.7,2000
247,2000-09-04,10.3,2000
248,2000-09-05,11.8,2000
249,2000-09-06,15.2,2000
250,2000-09-07,13.4,2000
251,2000-09-08,16.2,2000
252,2000-09-09,19.2,2000
253,2000-09-10,17.8,2000
254,2000-09-11,14.4,2000
255,2000-09-12,16.7,2000
256,2000-09-13,16.6,2000
257,2000-09-14,15.0,2000
258,2000-09-15,14.9,2000
259,2000-09-16,13.1,2000
260,2000-09-17,10.8,2000
261,2000-09-18,9.4,2000
262,2000-09-19,9.0,2000
263,2000-09-20,9.7,2000
264,2000-09-21,10.8,2000
265,2000-09-22,11.4,2000
266,2000-09-23,10.2,2000
267,2000-09-24,9.5,2000
268,2000-09-25,13.0,2000
269,2000-09-26,14.4,2000
270,2000-09-27,16.1,2000
271,2000-09-28,17.7,2000
272,2000-09-29,17.0,2000
273,2000-09-30,16.5,2000
274,2000-10-01,17.3,2000
275,2000-10-02,14.4,2000
276,2000-10-03,14.1,2000
277,2000-10-04,16.4,2000
278,2000-10-05,15.9,2000
279,2000-10-06,11.3,2000
280,2000-10-07,10.3,2000
281,2000-10-08,9.3,2000
282,2000-10-09,9.5,2000
283,2000-10-10,9.3,2000
284,2000-10-11,12.3,2000
285,2000-10-12,11.2,2000
286,2000-10-13,13.1,2000
287,2000-10-14,12.3,2000
288,2000-10-15,13.4,2000
289,2000-10-16,13.2,2000
290,2000-10-17,11.2,2000
291,2000-10-18,10.8,2000
292,2000-10-19,11.1,2000
293,2000-10-20,11.1,2000
294,2000-10-21,10.7,2000
295,2000-10-22,9.8,2000
296,2000-10-23,9.3,2000
297,2000-10-24,11.2,2000
298,2000-10-25,12.0,2000
299,2000-10-26,9.6,2000
300,2000-10-27,9.5,2000
301,2000-10-28,11.4,2000
302,2000-10-29,11.6,2000
303,2000-10-30,13.5,2000
304,2000-10-31,10.1,2000
305,2000-11-01,8.8,2000
306,2000-11-02,8.8,2000
307,2000-11-03,7.3,2000
308,2000-11-04,6.6,2000
309,2000-11-05,4.6,2000
310,2000-11-06,6.1,2000
311,2000-11-07,8.6,2000
312,2000-11-08,8.4,2000
313,2000-11-09,7.2,2000
314,2000-11-10,5.7,2000
315,2000-11-11,5.6,2000
316,2000-11-12,6.9,2000
317,2000-11-13,8.7,2000
318,2000-11-14,8.5,2000
319,2000-11-15,7.0,2000
320,2000-11-16,4.5,2000
321,2000-11-17,2.8,2000
322,2000-11-18,3.5,2000
323,2000-11-19,3.3,2000
324,2000-11-20,4.8,2000
325,2000-11-21,5.0,2000
326,2000-11-22,6.4,2000
327,2000-11-23,6.0,2000
328,2000-11-24,5.4,2000
329,2000-11-25,5.2,2000
330,2000-11-26,4.3,2000
331,2000-11-27,5.8,2000
332,2000-11-28,5.7,2000
333,2000-11-29,9.2,2000
334,2000-11-30,6.8,2000
335,2000-12-01,4.0,2000
336,2000-12-02,7.0,2000
337,2000-12-03,6.2,2000
338,2000-12-04,3.6,2000
339,2000-12-05,5.6,2000
340,2000-12-06,2.4,2000
341,2000-12-07,4.4,2000
342,2000-12-08,6.7,2000
343,2000-12-09,6.4,2000
344,2000-12-10,7.0,2000
345,2000-12-11,8.2,2000
346,2000-12-12,11.3,2000
347,2000-12-13,10.6,2000
348,2000-12-14,7.4,2000
349,2000-12-15,5.2,2000
350,2000-12-16,3.7,2000
351,2000-12-17,3.4,2000
352,2000-12-18,0.0,2000
353,2000-12-19,0.7,2000
354,2000-12-20,-2.2,2000
355,2000-12-21,-1.6,2000
356,2000-12-22,-4.7,2000
357,2000-12-23,-3.6,2000
358,2000-12-24,-2.0,2000
359,2000-12-25,-0.9,2000
360,2000-12-26,-2.2,2000
361,2000-12-27,0.7,2000
362,2000-12-28,0.3,2000
363,2000-12-29,-2.4,2000
364,2000-12-30,-1.6,2000
365,2000-12-31,-0.7,2000
0,2001-01-01,-1.3,2001
1,2001-01-02,1.8,2001
2,2001-01-03,3.8,2001
3,2001-01-04,2.5,2001
4,2001-01-05,4.9,2001
5,2001-01-06,6.4,2001
6,2001-01-07,3.8,2001
7,2001-01-08,0.6,2001
8,2001-01-09,2.8,2001
9,2001-01-10,1.3,2001
10,2001-01-11,-2.4,2001
11,2001-01-12,-2.2,2001
12,2001-01-13,-2.2,2001
13,2001-01-14,-2.4,2001
14,2001-01-15,-1.7,2001
15,2001-01-16,-3.1,2001
16,2001-01-17,-4.0,2001
17,2001-01-18,-2.8,2001
18,2001-01-19,-3.1,2001
19,2001-01-20,-1.4,2001
20,2001-01-21,-0.2,2001
21,2001-01-22,-0.7,2001
22,2001-01-23,1.5,2001
23,2001-01-24,3.2,2001
24,2001-01-25,3.4,2001
25,2001-01-26,3.5,2001
26,2001-01-27,1.9,2001
27,2001-01-28,2.8,2001
28,2001-01-29,2.8,2001
29,2001-01-30,0.7,2001
30,2001-01-31,1.2,2001
31,2001-02-01,-0.6,2001
32,2001-02-02,-3.0,2001
33,2001-02-03,-4.7,2001
34,2001-02-04,-5.0,2001
35,2001-02-05,2.9,2001
36,2001-02-06,10.3,2001
37,2001-02-07,9.2,2001
38,2001-02-08,9.3,2001
39,2001-02-09,4.7,2001
40,2001-02-10,0.2,2001
41,2001-02-11,6.1,2001
42,2001-02-12,9.6,2001
43,2001-02-13,2.7,2001
44,2001-02-14,1.9,2001
45,2001-02-15,1.9,2001
46,2001-02-16,2.4,2001
47,2001-02-17,0.2,2001
48,2001-02-18,2.0,2001
49,2001-02-19,3.2,2001
50,2001-02-20,4.5,2001
51,2001-02-21,4.9,2001
52,2001-02-22,1.8,2001
53,2001-02-23,-2.2,2001
54,2001-02-24,-7.9,2001
55,2001-02-25,-3.0,2001
56,2001-02-26,-4.3,2001
57,2001-02-27,-3.0,2001
58,2001-02-28,-1.5,2001
59,2001-03-01,1.1,2001
60,2001-03-02,0.0,2001
61,2001-03-03,0.3,2001
62,2001-03-04,-0.2,2001
63,2001-03-05,-0.2,2001
64,2001-03-06,-1.4,2001
65,2001-03-07,2.8,2001
66,2001-03-08,6.8,2001
67,2001-03-09,8.4,2001
68,2001-03-10,9.6,2001
69,2001-03-11,9.4,2001
70,2001-03-12,10.4,2001
71,2001-03-13,6.5,2001
72,2001-03-14,4.4,2001
73,2001-03-15,4.5,2001
74,2001-03-16,3.5,2001
75,2001-03-17,2.6,2001
76,2001-03-18,2.2,2001
77,2001-03-19,2.6,2001
78,2001-03-20,-1.4,2001
79,2001-03-21,-0.6,2001
80,2001-03-22,1.0,2001
81,2001-03-23,0.6,2001
82,2001-03-24,0.8,2001
83,2001-03-25,-0.4,2001
84,2001-03-26,-1.0,2001
85,2001-03-27,-1.6,2001
86,2001-03-28,1.0,2001
87,2001-03-29,4.7,2001
88,2001-03-30,4.4,2001
89,2001-03-31,8.4,2001
90,2001-04-01,10.9,2001
91,2001-04-02,12.5,2001
92,2001-04-03,11.4,2001
93,2001-04-04,10.9,2001
94,2001-04-05,7.5,2001
95,2001-04-06,7.7,2001
96,2001-04-07,8.9,2001
97,2001-04-08,8.6,2001
98,2001-04-09,6.3,2001
99,2001-04-10,7.4,2001
100,2001-04-11,9.4,2001
101,2001-04-12,4.0,2001
102,2001-04-13,1.8,2001
103,2001-04-14,2.1,2001
104,2001-04-15,1.7,2001
105,2001-04-16,5.9,2001
106,2001-04-17,5.5,2001
107,2001-04-18,5.1,2001
108,2001-04-19,3.6,2001
109,2001-04-20,5.1,2001
110,2001-04-21,5.2,2001
111,2001-04-22,4.6,2001
112,2001-04-23,7.2,2001
113,2001-04-24,9.5,2001
114,2001-04-25,13.2,2001
115,2001-04-26,10.5,2001
116,2001-04-27,9.6,2001
117,2001-04-28,9.4,2001
118,2001-04-29,11.5,2001
119,2001-04-30,17.6,2001
120,2001-05-01,17.3,2001
121,2001-05-02,13.8,2001
122,2001-05-03,19.2,2001
123,2001-05-04,16.3,2001
124,2001-05-05,9.0,2001
125,2001-05-06,7.3,2001
126,2001-05-07,9.5,2001
127,2001-05-08,13.6,2001
128,2001-05-09,14.8,2001
129,2001-05-10,16.6,2001
130,2001-05-11,15.0,2001
131,2001-05-12,13.9,2001
132,2001-05-13,15.7,2001
133,2001-05-14,18.1,2001
134,2001-05-15,16.3,2001
135,2001-05-16,16.9,2001
136,2001-05-17,14.7,2001
137,2001-05-18,12.8,2001
138,2001-05-19,11.7,2001
139,2001-05-20,11.0,2001
140,2001-05-21,11.3,2001
141,2001-05-22,13.3,2001
142,2001-05-23,15.5,2001
143,2001-05-24,17.9,2001
144,2001-05-25,15.7,2001
145,2001-05-26,16.4,2001
146,2001-05-27,17.9,2001
147,2001-05-28,16.4,2001
148,2001-05-29,18.1,2001
149,2001-05-30,14.7,2001
150,2001-05-31,12.5,2001
151,2001-06-01,12.3,2001
152,2001-06-02,12.3,2001
153,2001-06-03,9.5,2001
154,2001-06-04,10.7,2001
155,2001-06-05,12.9,2001
156,2001-06-06,14.7,2001
157,2001-06-07,14.9,2001
158,2001-06-08,11.7,2001
159,2001-06-09,12.9,2001
160,2001-06-10,11.6,2001
161,2001-06-11,11.5,2001
162,2001-06-12,10.0,2001
163,2001-06-13,12.4,2001
164,2001-06-14,15.3,2001
165,2001-06-15,17.1,2001
166,2001-06-16,18.3,2001
167,2001-06-17,16.4,2001
168,2001-06-18,15.6,2001
169,2001-06-19,14.7,2001
170,2001-06-20,15.4,2001
171,2001-06-21,14.5,2001
172,2001-06-22,12.7,2001
173,2001-06-23,14.9,2001
174,2001-06-24,15.5,2001
175,2001-06-25,16.5,2001
176,2001-06-26,17.9,2001
177,2001-06-27,21.4,2001
178,2001-06-28,18.8,2001
179,2001-06-29,20.0,2001
180,2001-06-30,21.3,2001
181,2001-07-01,18.4,2001
182,2001-07-02,15.4,2001
183,2001-07-03,18.0,2001
184,2001-07-04,20.8,2001
185,2001-07-05,23.3,2001
186,2001-07-06,24.3,2001
187,2001-07-07,24.3,2001
188,2001-07-08,18.6,2001
189,2001-07-09,17.0,2001
190,2001-07-10,18.7,2001
191,2001-07-11,18.4,2001
192,2001-07-12,17.4,2001
193,2001-07-13,17.9,2001
194,2001-07-14,18.9,2001
195,2001-07-15,18.5,2001
196,2001-07-16,13.7,2001
197,2001-07-17,14.4,2001
198,2001-07-18,16.7,2001
199,2001-07-19,18.9,2001
200,2001-07-20,19.2,2001
201,2001-07-21,17.7,2001
202,2001-07-22,20.7,2001
203,2001-07-23,22.7,2001
204,2001-07-24,22.6,2001
205,2001-07-25,23.0,2001
206,2001-07-26,23.0,2001
207,2001-07-27,22.3,2001
208,2001-07-28,23.5,2001
209,2001-07-29,21.3,2001
210,2001-07-30,23.1,2001
211,2001-07-31,20.2,2001
212,2001-08-01,18.2,2001
213,2001-08-02,18.5,2001
214,2001-08-03,21.3,2001
215,2001-08-04,18.3,2001
216,2001-08-05,16.5,2001
217,2001-08-06,16.6,2001
218,2001-08-07,18.4,2001
219,2001-08-08,19.0,2001
220,2001-08-09,17.9,2001
221,2001-08-10,16.7,2001
222,2001-08-11,13.8,2001
223,2001-08-12,17.1,2001
224,2001-08-13,16.6,2001
225,2001-08-14,21.5,2001
226,2001-08-15,26.0,2001
227,2001-08-16,26.9,2001
228,2001-08-17,20.5,2001
229,2001-08-18,16.9,2001
230,2001-08-19,19.6,2001
231,2001-08-20,20.6,2001
232,2001-08-21,19.7,2001
233,2001-08-22,21.5,2001
234,2001-08-23,21.4,2001
235,2001-08-24,22.8,2001
236,2001-08-25,24.3,2001
237,2001-08-26,23.7,2001
238,2001-08-27,18.4,2001
239,2001-08-28,15.1,2001
240,2001-08-29,15.7,2001
241,2001-08-30,16.4,2001
242,2001-08-31,16.3,2001
243,2001-09-01,17.6,2001
244,2001-09-02,14.8,2001
245,2001-09-03,17.3,2001
246,2001-09-04,14.8,2001
247,2001-09-05,13.8,2001
248,2001-09-06,14.8,2001
249,2001-09-07,13.9,2001
250,2001-09-08,12.4,2001
251,2001-09-09,10.3,2001
252,2001-09-10,13.3,2001
253,2001-09-11,11.0,2001
254,2001-09-12,12.2,2001
255,2001-09-13,11.9,2001
256,2001-09-14,11.9,2001
257,2001-09-15,12.7,2001
258,2001-09-16,12.1,2001
259,2001-09-17,10.0,2001
260,2001-09-18,10.2,2001
261,2001-09-19,12.0,2001
262,2001-09-20,12.1,2001
263,2001-09-21,13.2,2001
264,2001-09-22,11.9,2001
265,2001-09-23,12.3,2001
266,2001-09-24,11.4,2001
267,2001-09-25,11.7,2001
268,2001-09-26,11.0,2001
269,2001-09-27,9.9,2001
270,2001-09-28,12.6,2001
271,2001-09-29,14.1,2001
272,2001-09-30,13.2,2001
273,2001-10-01,14.8,2001
274,2001-10-02,17.7,2001
275,2001-10-03,14.8,2001
276,2001-10-04,13.4,2001
277,2001-10-05,11.9,2001
278,2001-10-06,13.0,2001
279,2001-10-07,14.2,2001
280,2001-10-08,14.9,2001
281,2001-10-09,13.4,2001
282,2001-10-10,13.5,2001
283,2001-10-11,13.7,2001
284,2001-10-12,15.2,2001
285,2001-10-13,13.6,2001
286,2001-10-14,14.9,2001
287,2001-10-15,15.4,2001
288,2001-10-16,13.5,2001
289,2001-10-17,11.8,2001
290,2001-10-18,12.7,2001
291,2001-10-19,12.3,2001
292,2001-10-20,11.1,2001
293,2001-10-21,10.5,2001
294,2001-10-22,11.6,2001
295,2001-10-23,9.2,2001
296,2001-10-24,7.1,2001
297,2001-10-25,9.1,2001
298,2001-10-26,10.6,2001
299,2001-10-27,10.8,2001
300,2001-10-28,10.4,2001
301,2001-10-29,9.6,2001
302,2001-10-30,13.9,2001
303,2001-10-31,13.7,2001
304,2001-11-01,8.1,2001
305,2001-11-02,7.2,2001
306,2001-11-03,9.4,2001
307,2001-11-04,9.2,2001
308,2001-11-05,6.8,2001
309,2001-11-06,6.1,2001
310,2001-11-07,6.8,2001
311,2001-11-08,5.7,2001
312,2001-11-09,1.6,2001
313,2001-11-10,-0.7,2001
314,2001-11-11,2.1,2001
315,2001-11-12,6.0,2001
316,2001-11-13,2.6,2001
317,2001-11-14,-1.4,2001
318,2001-11-15,-0.3,2001
319,2001-11-16,4.8,2001
320,2001-11-17,4.0,2001
321,2001-11-18,6.1,2001
322,2001-11-19,5.8,2001
323,2001-11-20,0.5,2001
324,2001-11-21,6.2,2001
325,2001-11-22,5.0,2001
326,2001-11-23,1.6,2001
327,2001-11-24,0.2,2001
328,2001-11-25,-0.4,2001
329,2001-11-26,1.5,2001
330,2001-11-27,2.7,2001
331,2001-11-28,3.7,2001
332,2001-11-29,3.8,2001
333,2001-11-30,2.6,2001
334,2001-12-01,-0.1,2001
335,2001-12-02,-0.4,2001
336,2001-12-03,-0.7,2001
337,2001-12-04,0.9,2001
338,2001-12-05,5.7,2001
339,2001-12-06,4.6,2001
340,2001-12-07,4.5,2001
341,2001-12-08,0.6,2001
342,2001-12-09,-2.3,2001
343,2001-12-10,0.0,2001
344,2001-12-11,3.6,2001
345,2001-12-12,3.8,2001
346,2001-12-13,-5.9,2001
347,2001-12-14,-7.9,2001
348,2001-12-15,-1.0,2001
349,2001-12-16,0.5,2001
350,2001-12-17,0.7,2001
351,2001-12-18,0.7,2001
352,2001-12-19,2.8,2001
353,2001-12-20,-2.8,2001
354,2001-12-21,-1.1,2001
355,2001-12-22,-2.7,2001
356,2001-12-23,-6.1,2001
357,2001-12-24,-4.4,2001
358,2001-12-25,1.7,2001
359,2001-12-26,1.3,2001
360,2001-12-27,0.5,2001
361,2001-12-28,2.4,2001
362,2001-12-29,0.4,2001
363,2001-12-30,-1.1,2001
364,2001-12-31,-4.7,2001
0,2002-01-01,-0.6,2002
1,2002-01-02,0.0,2002
2,2002-01-03,-6.6,2002
3,2002-01-04,-9.4,2002
4,2002-01-05,-8.9,2002
5,2002-01-06,-0.5,2002
6,2002-01-07,1.8,2002
7,2002-01-08,-0.1,2002
8,2002-01-09,-1.1,2002
9,2002-01-10,-1.2,2002
10,2002-01-11,-3.7,2002
11,2002-01-12,0.3,2002
12,2002-01-13,-0.3,2002
13,2002-01-14,-3.5,2002
14,2002-01-15,-4.8,2002
15,2002-01-16,-4.4,2002
16,2002-01-17,-0.4,2002
17,2002-01-18,-0.3,2002
18,2002-01-19,2.0,2002
19,2002-01-20,4.1,2002
20,2002-01-21,7.5,2002
21,2002-01-22,7.1,2002
22,2002-01-23,6.4,2002
23,2002-01-24,8.7,2002
24,2002-01-25,3.3,2002
25,2002-01-26,8.0,2002
26,2002-01-27,8.8,2002
27,2002-01-28,9.6,2002
28,2002-01-29,9.3,2002
29,2002-01-30,10.0,2002
30,2002-01-31,8.2,2002
31,2002-02-01,7.1,2002
32,2002-02-02,10.9,2002
33,2002-02-03,8.4,2002
34,2002-02-04,7.9,2002
35,2002-02-05,10.4,2002
36,2002-02-06,8.5,2002
37,2002-02-07,5.6,2002
38,2002-02-08,6.9,2002
39,2002-02-09,9.7,2002
40,2002-02-10,6.2,2002
41,2002-02-11,8.3,2002
42,2002-02-12,10.7,2002
43,2002-02-13,5.8,2002
44,2002-02-14,0.8,2002
45,2002-02-15,-0.6,2002
46,2002-02-16,0.0,2002
47,2002-02-17,1.8,2002
48,2002-02-18,2.1,2002
49,2002-02-19,2.5,2002
50,2002-02-20,3.4,2002
51,2002-02-21,-0.7,2002
52,2002-02-22,-0.2,2002
53,2002-02-23,2.3,2002
54,2002-02-24,1.1,2002
55,2002-02-25,1.4,2002
56,2002-02-26,8.0,2002
57,2002-02-27,5.7,2002
58,2002-02-28,5.2,2002
59,2002-03-01,3.8,2002
60,2002-03-02,0.1,2002
61,2002-03-03,2.8,2002
62,2002-03-04,5.9,2002
63,2002-03-05,6.7,2002
64,2002-03-06,7.2,2002
65,2002-03-07,7.7,2002
66,2002-03-08,6.3,2002
67,2002-03-09,6.9,2002
68,2002-03-10,5.5,2002
69,2002-03-11,7.7,2002
70,2002-03-12,7.5,2002
71,2002-03-13,7.0,2002
72,2002-03-14,2.3,2002
73,2002-03-15,0.8,2002
74,2002-03-16,2.2,2002
75,2002-03-17,7.4,2002
76,2002-03-18,9.8,2002
77,2002-03-19,9.1,2002
78,2002-03-20,6.0,2002
79,2002-03-21,5.7,2002
80,2002-03-22,3.8,2002
81,2002-03-23,3.3,2002
82,2002-03-24,2.2,2002
83,2002-03-25,1.2,2002
84,2002-03-26,1.6,2002
85,2002-03-27,3.0,2002
86,2002-03-28,3.6,2002
87,2002-03-29,6.5,2002
88,2002-03-30,9.4,2002
89,2002-03-31,8.4,2002
90,2002-04-01,8.7,2002
91,2002-04-02,10.1,2002
92,2002-04-03,9.1,2002
93,2002-04-04,6.3,2002
94,2002-04-05,4.2,2002
95,2002-04-06,1.8,2002
96,2002-04-07,2.1,2002
97,2002-04-08,3.8,2002
98,2002-04-09,5.1,2002
99,2002-04-10,6.7,2002
100,2002-04-11,7.6,2002
101,2002-04-12,10.9,2002
102,2002-04-13,10.3,2002
103,2002-04-14,9.2,2002
104,2002-04-15,7.6,2002
105,2002-04-16,6.6,2002
106,2002-04-17,7.9,2002
107,2002-04-18,8.6,2002
108,2002-04-19,9.0,2002
109,2002-04-20,9.9,2002
110,2002-04-21,8.9,2002
111,2002-04-22,10.8,2002
112,2002-04-23,11.7,2002
113,2002-04-24,11.6,2002
114,2002-04-25,12.0,2002
115,2002-04-26,12.2,2002
116,2002-04-27,8.1,2002
117,2002-04-28,7.6,2002
118,2002-04-29,9.7,2002
119,2002-04-30,10.4,2002
120,2002-05-01,13.9,2002
121,2002-05-02,13.2,2002
122,2002-05-03,14.1,2002
123,2002-05-04,12.4,2002
124,2002-05-05,12.7,2002
125,2002-05-06,13.2,2002
126,2002-05-07,11.1,2002
127,2002-05-08,16.4,2002
128,2002-05-09,19.3,2002
129,2002-05-10,19.2,2002
130,2002-05-11,16.3,2002
131,2002-05-12,16.2,2002
132,2002-05-13,15.7,2002
133,2002-05-14,15.6,2002
134,2002-05-15,13.6,2002
135,2002-05-16,16.9,2002
136,2002-05-17,15.7,2002
137,2002-05-18,14.6,2002
138,2002-05-19,13.3,2002
139,2002-05-20,15.0,2002
140,2002-05-21,16.9,2002
141,2002-05-22,19.6,2002
142,2002-05-23,19.5,2002
143,2002-05-24,15.2,2002
144,2002-05-25,15.6,2002
145,2002-05-26,12.4,2002
146,2002-05-27,14.8,2002
147,2002-05-28,15.6,2002
148,2002-05-29,16.7,2002
149,2002-05-30,14.6,2002
150,2002-05-31,14.7,2002
151,2002-06-01,13.1,2002
152,2002-06-02,15.7,2002
153,2002-06-03,17.4,2002
154,2002-06-04,20.2,2002
155,2002-06-05,22.0,2002
156,2002-06-06,18.5,2002
157,2002-06-07,14.9,2002
158,2002-06-08,14.7,2002
159,2002-06-09,15.3,2002
160,2002-06-10,16.1,2002
161,2002-06-11,14.7,2002
162,2002-06-12,15.9,2002
163,2002-06-13,14.3,2002
164,2002-06-14,14.7,2002
165,2002-06-15,18.6,2002
166,2002-06-16,18.1,2002
167,2002-06-17,21.4,2002
168,2002-06-18,25.3,2002
169,2002-06-19,22.7,2002
170,2002-06-20,21.2,2002
171,2002-06-21,18.3,2002
172,2002-06-22,19.6,2002
173,2002-06-23,19.2,2002
174,2002-06-24,16.1,2002
175,2002-06-25,16.0,2002
176,2002-06-26,18.1,2002
177,2002-06-27,17.1,2002
178,2002-06-28,13.9,2002
179,2002-06-29,13.8,2002
180,2002-06-30,14.9,2002
181,2002-07-01,15.9,2002
182,2002-07-02,15.7,2002
183,2002-07-03,18.0,2002
184,2002-07-04,15.6,2002
185,2002-07-05,17.1,2002
186,2002-07-06,18.7,2002
187,2002-07-07,17.2,2002
188,2002-07-08,21.0,2002
189,2002-07-09,26.0,2002
190,2002-07-10,24.3,2002
191,2002-07-11,17.5,2002
192,2002-07-12,19.6,2002
193,2002-07-13,21.0,2002
194,2002-07-14,18.5,2002
195,2002-07-15,19.3,2002
196,2002-07-16,22.4,2002
197,2002-07-17,21.0,2002
198,2002-07-18,17.7,2002
199,2002-07-19,15.0,2002
200,2002-07-20,16.0,2002
201,2002-07-21,17.6,2002
202,2002-07-22,14.6,2002
203,2002-07-23,16.3,2002
204,2002-07-24,16.7,2002
205,2002-07-25,14.7,2002
206,2002-07-26,15.5,2002
207,2002-07-27,19.6,2002
208,2002-07-28,22.4,2002
209,2002-07-29,24.8,2002
210,2002-07-30,25.5,2002
211,2002-07-31,25.0,2002
212,2002-08-01,22.8,2002
213,2002-08-02,19.0,2002
214,2002-08-03,19.6,2002
215,2002-08-04,20.4,2002
216,2002-08-05,18.2,2002
217,2002-08-06,19.5,2002
218,2002-08-07,19.2,2002
219,2002-08-08,20.3,2002
220,2002-08-09,20.1,2002
221,2002-08-10,20.0,2002
222,2002-08-11,21.5,2002
223,2002-08-12,18.9,2002
224,2002-08-13,17.1,2002
225,2002-08-14,18.3,2002
226,2002-08-15,20.2,2002
227,2002-08-16,20.4,2002
228,2002-08-17,21.9,2002
229,2002-08-18,22.0,2002
230,2002-08-19,22.6,2002
231,2002-08-20,21.4,2002
232,2002-08-21,21.7,2002
233,2002-08-22,19.7,2002
234,2002-08-23,20.8,2002
235,2002-08-24,21.3,2002
236,2002-08-25,21.5,2002
237,2002-08-26,22.7,2002
238,2002-08-27,22.6,2002
239,2002-08-28,22.4,2002
240,2002-08-29,21.4,2002
241,2002-08-30,21.1,2002
242,2002-08-31,21.2,2002
243,2002-09-01,17.7,2002
244,2002-09-02,16.3,2002
245,2002-09-03,17.8,2002
246,2002-09-04,20.6,2002
247,2002-09-05,19.2,2002
248,2002-09-06,17.2,2002
249,2002-09-07,17.5,2002
250,2002-09-08,18.9,2002
251,2002-09-09,20.0,2002
252,2002-09-10,20.2,2002
253,2002-09-11,18.1,2002
254,2002-09-12,15.1,2002
255,2002-09-13,15.3,2002
256,2002-09-14,14.9,2002
257,2002-09-15,13.7,2002
258,2002-09-16,11.6,2002
259,2002-09-17,14.6,2002
260,2002-09-18,14.0,2002
261,2002-09-19,14.3,2002
262,2002-09-20,14.2,2002
263,2002-09-21,12.9,2002
264,2002-09-22,11.2,2002
265,2002-09-23,7.5,2002
266,2002-09-24,8.4,2002
267,2002-09-25,9.2,2002
268,2002-09-26,11.9,2002
269,2002-09-27,9.9,2002
270,2002-09-28,9.1,2002
271,2002-09-29,12.1,2002
272,2002-09-30,12.7,2002
273,2002-10-01,12.8,2002
274,2002-10-02,11.7,2002
275,2002-10-03,12.8,2002
276,2002-10-04,12.9,2002
277,2002-10-05,11.5,2002
278,2002-10-06,9.7,2002
279,2002-10-07,6.6,2002
280,2002-10-08,6.4,2002
281,2002-10-09,7.1,2002
282,2002-10-10,5.0,2002
283,2002-10-11,4.6,2002
284,2002-10-12,3.9,2002
285,2002-10-13,1.3,2002
286,2002-10-14,4.7,2002
287,2002-10-15,8.7,2002
288,2002-10-16,12.9,2002
289,2002-10-17,11.7,2002
290,2002-10-18,7.0,2002
291,2002-10-19,5.4,2002
292,2002-10-20,4.5,2002
293,2002-10-21,4.5,2002
294,2002-10-22,10.9,2002
295,2002-10-23,11.7,2002
296,2002-10-24,5.9,2002
297,2002-10-25,7.5,2002
298,2002-10-26,10.7,2002
299,2002-10-27,9.7,2002
300,2002-10-28,7.7,2002
301,2002-10-29,7.1,2002
302,2002-10-30,7.1,2002
303,2002-10-31,6.8,2002
304,2002-11-01,5.7,2002
305,2002-11-02,5.1,2002
306,2002-11-03,1.5,2002
307,2002-11-04,1.4,2002
308,2002-11-05,-1.5,2002
309,2002-11-06,-2.1,2002
310,2002-11-07,-1.1,2002
311,2002-11-08,4.2,2002
312,2002-11-09,3.1,2002
313,2002-11-10,2.8,2002
314,2002-11-11,2.1,2002
315,2002-11-12,6.1,2002
316,2002-11-13,9.1,2002
317,2002-11-14,6.7,2002
318,2002-11-15,6.0,2002
319,2002-11-16,6.8,2002
320,2002-11-17,8.8,2002
321,2002-11-18,5.0,2002
322,2002-11-19,4.7,2002
323,2002-11-20,-1.3,2002
324,2002-11-21,-0.2,2002
325,2002-11-22,2.8,2002
326,2002-11-23,4.5,2002
327,2002-11-24,4.6,2002
328,2002-11-25,4.1,2002
329,2002-11-26,7.3,2002
330,2002-11-27,5.4,2002
331,2002-11-28,5.8,2002
332,2002-11-29,5.9,2002
333,2002-11-30,4.3,2002
334,2002-12-01,3.6,2002
335,2002-12-02,4.5,2002
336,2002-12-03,2.8,2002
337,2002-12-04,1.0,2002
338,2002-12-05,0.2,2002
339,2002-12-06,-1.3,2002
340,2002-12-07,-5.5,2002
341,2002-12-08,-6.9,2002
342,2002-12-09,-8.5,2002
343,2002-12-10,-10.4,2002
344,2002-12-11,-8.7,2002
345,2002-12-12,-8.4,2002
346,2002-12-13,-8.6,2002
347,2002-12-14,-5.8,2002
348,2002-12-15,-4.2,2002
349,2002-12-16,-0.8,2002
350,2002-12-17,0.6,2002
351,2002-12-18,-0.3,2002
352,2002-12-19,-0.4,2002
353,2002-12-20,-3.4,2002
354,2002-12-21,-1.6,2002
355,2002-12-22,-1.3,2002
356,2002-12-23,-3.6,2002
357,2002-12-24,-4.7,2002
358,2002-12-25,-3.3,2002
359,2002-12-26,0.1,2002
360,2002-12-27,1.6,2002
361,2002-12-28,2.6,2002
362,2002-12-29,4.6,2002
363,2002-12-30,0.8,2002
364,2002-12-31,-5.1,2002
0,2003-01-01,-7.6,2003
1,2003-01-02,5.0,2003
2,2003-01-03,0.1,2003
3,2003-01-04,-2.6,2003
4,2003-01-05,-6.6,2003
5,2003-01-06,-5.4,2003
6,2003-01-07,-11.0,2003
7,2003-01-08,-14.0,2003
8,2003-01-09,-11.4,2003
9,2003-01-10,-5.4,2003
10,2003-01-11,-7.9,2003
11,2003-01-12,-1.4,2003
12,2003-01-13,0.7,2003
13,2003-01-14,5.4,2003
14,2003-01-15,4.8,2003
15,2003-01-16,4.5,2003
16,2003-01-17,2.5,2003
17,2003-01-18,0.9,2003
18,2003-01-19,2.3,2003
19,2003-01-20,4.3,2003
20,2003-01-21,2.6,2003
21,2003-01-22,1.1,2003
22,2003-01-23,3.2,2003
23,2003-01-24,3.0,2003
24,2003-01-25,2.4,2003
25,2003-01-26,2.9,2003
26,2003-01-27,6.5,2003
27,2003-01-28,5.3,2003
28,2003-01-29,1.6,2003
29,2003-01-30,-0.4,2003
30,2003-01-31,-3.4,2003
31,2003-02-01,-8.1,2003
32,2003-02-02,-4.3,2003
33,2003-02-03,1.1,2003
34,2003-02-04,0.3,2003
35,2003-02-05,-1.1,2003
36,2003-02-06,-2.1,2003
37,2003-02-07,-2.9,2003
38,2003-02-08,-1.5,2003
39,2003-02-09,-3.5,2003
40,2003-02-10,-2.1,2003
41,2003-02-11,-2.1,2003
42,2003-02-12,-5.9,2003
43,2003-02-13,-6.4,2003
44,2003-02-14,-4.4,2003
45,2003-02-15,-1.0,2003
46,2003-02-16,-4.9,2003
47,2003-02-17,-5.6,2003
48,2003-02-18,-5.3,2003
49,2003-02-19,-1.1,2003
50,2003-02-20,-1.7,2003
51,2003-02-21,-0.7,2003
52,2003-02-22,0.3,2003
53,2003-02-23,0.6,2003
54,2003-02-24,0.2,2003
55,2003-02-25,1.0,2003
56,2003-02-26,0.5,2003
57,2003-02-27,1.1,2003
58,2003-02-28,0.4,2003
59,2003-03-01,1.6,2003
60,2003-03-02,1.7,2003
61,2003-03-03,-1.0,2003
62,2003-03-04,-1.4,2003
63,2003-03-05,-0.1,2003
64,2003-03-06,0.9,2003
65,2003-03-07,2.1,2003
66,2003-03-08,4.5,2003
67,2003-03-09,6.5,2003
68,2003-03-10,8.1,2003
69,2003-03-11,8.4,2003
70,2003-03-12,6.9,2003
71,2003-03-13,2.8,2003
72,2003-03-14,2.7,2003
73,2003-03-15,3.0,2003
74,2003-03-16,3.4,2003
75,2003-03-17,1.9,2003
76,2003-03-18,4.6,2003
77,2003-03-19,3.0,2003
78,2003-03-20,2.5,2003
79,2003-03-21,-1.1,2003
80,2003-03-22,0.7,2003
81,2003-03-23,4.7,2003
82,2003-03-24,8.1,2003
83,2003-03-25,9.1,2003
84,2003-03-26,5.3,2003
85,2003-03-27,8.8,2003
86,2003-03-28,7.3,2003
87,2003-03-29,7.8,2003
88,2003-03-30,9.7,2003
89,2003-03-31,7.0,2003
90,2003-04-01,7.8,2003
91,2003-04-02,7.0,2003
92,2003-04-03,4.6,2003
93,2003-04-04,5.2,2003
94,2003-04-05,5.3,2003
95,2003-04-06,0.8,2003
96,2003-04-07,-0.3,2003
97,2003-04-08,-0.1,2003
98,2003-04-09,-1.1,2003
99,2003-04-10,0.9,2003
100,2003-04-11,3.2,2003
101,2003-04-12,5.1,2003
102,2003-04-13,8.1,2003
103,2003-04-14,10.4,2003
104,2003-04-15,12.8,2003
105,2003-04-16,12.5,2003
106,2003-04-17,12.1,2003
107,2003-04-18,5.9,2003
108,2003-04-19,9.1,2003
109,2003-04-20,13.7,2003
110,2003-04-21,13.5,2003
111,2003-04-22,13.5,2003
112,2003-04-23,12.3,2003
113,2003-04-24,12.1,2003
114,2003-04-25,13.6,2003
115,2003-04-26,15.6,2003
116,2003-04-27,13.6,2003
117,2003-04-28,13.2,2003
118,2003-04-29,14.8,2003
119,2003-04-30,15.4,2003
120,2003-05-01,14.0,2003
121,2003-05-02,14.4,2003
122,2003-05-03,13.1,2003
123,2003-05-04,13.7,2003
124,2003-05-05,20.0,2003
125,2003-05-06,17.8,2003
126,2003-05-07,13.8,2003
127,2003-05-08,17.9,2003
128,2003-05-09,13.6,2003
129,2003-05-10,13.6,2003
130,2003-05-11,15.4,2003
131,2003-05-12,15.8,2003
132,2003-05-13,12.2,2003
133,2003-05-14,9.2,2003
134,2003-05-15,8.9,2003
135,2003-05-16,9.1,2003
136,2003-05-17,13.0,2003
137,2003-05-18,13.9,2003
138,2003-05-19,14.5,2003
139,2003-05-20,13.4,2003
140,2003-05-21,12.1,2003
141,2003-05-22,13.4,2003
142,2003-05-23,15.2,2003
143,2003-05-24,20.1,2003
144,2003-05-25,21.5,2003
145,2003-05-26,16.9,2003
146,2003-05-27,16.9,2003
147,2003-05-28,17.0,2003
148,2003-05-29,17.7,2003
149,2003-05-30,19.4,2003
150,2003-05-31,19.4,2003
151,2003-06-01,19.7,2003
152,2003-06-02,21.9,2003
153,2003-06-03,24.0,2003
154,2003-06-04,25.6,2003
155,2003-06-05,23.9,2003
156,2003-06-06,19.3,2003
157,2003-06-07,20.4,2003
158,2003-06-08,24.1,2003
159,2003-06-09,17.8,2003
160,2003-06-10,19.9,2003
161,2003-06-11,21.6,2003
162,2003-06-12,21.6,2003
163,2003-06-13,19.8,2003
164,2003-06-14,17.8,2003
165,2003-06-15,17.8,2003
166,2003-06-16,17.7,2003
167,2003-06-17,18.6,2003
168,2003-06-18,16.7,2003
169,2003-06-19,17.9,2003
170,2003-06-20,15.5,2003
171,2003-06-21,14.2,2003
172,2003-06-22,15.4,2003
173,2003-06-23,21.0,2003
174,2003-06-24,18.5,2003
175,2003-06-25,15.8,2003
176,2003-06-26,16.6,2003
177,2003-06-27,17.7,2003
178,2003-06-28,19.5,2003
179,2003-06-29,21.2,2003
180,2003-06-30,21.1,2003
181,2003-07-01,18.4,2003
182,2003-07-02,17.5,2003
183,2003-07-03,16.9,2003
184,2003-07-04,16.8,2003
185,2003-07-05,15.4,2003
186,2003-07-06,16.0,2003
187,2003-07-07,16.7,2003
188,2003-07-08,17.1,2003
189,2003-07-09,17.0,2003
190,2003-07-10,16.5,2003
191,2003-07-11,19.9,2003
192,2003-07-12,17.5,2003
193,2003-07-13,17.5,2003
194,2003-07-14,19.9,2003
195,2003-07-15,22.0,2003
196,2003-07-16,24.5,2003
197,2003-07-17,22.1,2003
198,2003-07-18,21.1,2003
199,2003-07-19,23.0,2003
200,2003-07-20,25.1,2003
201,2003-07-21,24.8,2003
202,2003-07-22,23.7,2003
203,2003-07-23,22.6,2003
204,2003-07-24,21.1,2003
205,2003-07-25,20.1,2003
206,2003-07-26,19.9,2003
207,2003-07-27,23.7,2003
208,2003-07-28,20.3,2003
209,2003-07-29,20.4,2003
210,2003-07-30,20.2,2003
211,2003-07-31,20.3,2003
212,2003-08-01,23.5,2003
213,2003-08-02,24.5,2003
214,2003-08-03,24.4,2003
215,2003-08-04,23.6,2003
216,2003-08-05,21.7,2003
217,2003-08-06,21.3,2003
218,2003-08-07,21.6,2003
219,2003-08-08,23.0,2003
220,2003-08-09,24.3,2003
221,2003-08-10,22.6,2003
222,2003-08-11,20.9,2003
223,2003-08-12,24.3,2003
224,2003-08-13,26.6,2003
225,2003-08-14,19.9,2003
226,2003-08-15,18.6,2003
227,2003-08-16,17.2,2003
228,2003-08-17,19.0,2003
229,2003-08-18,21.7,2003
230,2003-08-19,20.7,2003
231,2003-08-20,17.9,2003
232,2003-08-21,18.7,2003
233,2003-08-22,20.0,2003
234,2003-08-23,18.4,2003
235,2003-08-24,17.3,2003
236,2003-08-25,19.1,2003
237,2003-08-26,17.8,2003
238,2003-08-27,16.3,2003
239,2003-08-28,15.8,2003
240,2003-08-29,15.7,2003
241,2003-08-30,15.9,2003
242,2003-08-31,12.7,2003
243,2003-09-01,12.0,2003
244,2003-09-02,12.3,2003
245,2003-09-03,11.9,2003
246,2003-09-04,15.3,2003
247,2003-09-05,14.9,2003
248,2003-09-06,17.1,2003
249,2003-09-07,18.1,2003
250,2003-09-08,18.5,2003
251,2003-09-09,16.3,2003
252,2003-09-10,14.4,2003
253,2003-09-11,12.6,2003
254,2003-09-12,13.9,2003
255,2003-09-13,15.1,2003
256,2003-09-14,16.1,2003
257,2003-09-15,14.8,2003
258,2003-09-16,15.4,2003
259,2003-09-17,15.0,2003
260,2003-09-18,17.9,2003
261,2003-09-19,19.4,2003
262,2003-09-20,19.3,2003
263,2003-09-21,18.7,2003
264,2003-09-22,19.9,2003
265,2003-09-23,14.8,2003
266,2003-09-24,9.9,2003
267,2003-09-25,10.5,2003
268,2003-09-26,13.2,2003
269,2003-09-27,12.9,2003
270,2003-09-28,11.6,2003
271,2003-09-29,12.4,2003
272,2003-09-30,10.1,2003
273,2003-10-01,11.3,2003
274,2003-10-02,11.2,2003
275,2003-10-03,10.3,2003
276,2003-10-04,12.2,2003
277,2003-10-05,7.9,2003
278,2003-10-06,7.4,2003
279,2003-10-07,8.6,2003
280,2003-10-08,8.9,2003
281,2003-10-09,9.4,2003
282,2003-10-10,12.3,2003
283,2003-10-11,11.4,2003
284,2003-10-12,8.5,2003
285,2003-10-13,6.7,2003
286,2003-10-14,6.4,2003
287,2003-10-15,7.3,2003
288,2003-10-16,5.8,2003
289,2003-10-17,3.7,2003
290,2003-10-18,3.0,2003
291,2003-10-19,2.9,2003
292,2003-10-20,3.0,2003
293,2003-10-21,4.1,2003
294,2003-10-22,2.9,2003
295,2003-10-23,-0.2,2003
296,2003-10-24,-1.2,2003
297,2003-10-25,3.7,2003
298,2003-10-26,4.2,2003
299,2003-10-27,0.5,2003
300,2003-10-28,1.3,2003
301,2003-10-29,3.2,2003
302,2003-10-30,4.6,2003
303,2003-10-31,6.8,2003
304,2003-11-01,7.4,2003
305,2003-11-02,7.7,2003
306,2003-11-03,10.1,2003
307,2003-11-04,9.2,2003
308,2003-11-05,5.7,2003
309,2003-11-06,2.9,2003
310,2003-11-07,3.6,2003
311,2003-11-08,5.6,2003
312,2003-11-09,3.6,2003
313,2003-11-10,2.5,2003
314,2003-11-11,1.6,2003
315,2003-11-12,0.7,2003
316,2003-11-13,-0.8,2003
317,2003-11-14,-1.0,2003
318,2003-11-15,4.5,2003
319,2003-11-16,4.1,2003
320,2003-11-17,5.2,2003
321,2003-11-18,7.5,2003
322,2003-11-19,12.0,2003
323,2003-11-20,9.3,2003
324,2003-11-21,8.3,2003
325,2003-11-22,7.7,2003
326,2003-11-23,9.0,2003
327,2003-11-24,8.2,2003
328,2003-11-25,8.2,2003
329,2003-11-26,8.3,2003
330,2003-11-27,5.9,2003
331,2003-11-28,6.6,2003
332,2003-11-29,7.8,2003
333,2003-11-30,5.7,2003
334,2003-12-01,3.4,2003
335,2003-12-02,5.3,2003
336,2003-12-03,4.9,2003
337,2003-12-04,4.2,2003
338,2003-12-05,4.5,2003
339,2003-12-06,4.1,2003
340,2003-12-07,-2.1,2003
341,2003-12-08,-1.4,2003
342,2003-12-09,-1.6,2003
343,2003-12-10,0.5,2003
344,2003-12-11,0.6,2003
345,2003-12-12,1.5,2003
346,2003-12-13,6.0,2003
347,2003-12-14,6.8,2003
348,2003-12-15,1.3,2003
349,2003-12-16,1.2,2003
350,2003-12-17,3.2,2003
351,2003-12-18,2.4,2003
352,2003-12-19,1.8,2003
353,2003-12-20,5.3,2003
354,2003-12-21,6.3,2003
355,2003-12-22,0.7,2003
356,2003-12-23,-4.6,2003
357,2003-12-24,-2.9,2003
358,2003-12-25,1.9,2003
359,2003-12-26,3.5,2003
360,2003-12-27,4.9,2003
361,2003-12-28,3.7,2003
362,2003-12-29,3.2,2003
363,2003-12-30,0.6,2003
364,2003-12-31,1.4,2003
0,2004-01-01,-3.9,2004
1,2004-01-02,-2.4,2004
2,2004-01-03,-4.9,2004
3,2004-01-04,-6.2,2004
4,2004-01-05,-8.0,2004
5,2004-01-06,-6.5,2004
6,2004-01-07,1.7,2004
7,2004-01-08,1.7,2004
8,2004-01-09,0.3,2004
9,2004-01-10,1.2,2004
10,2004-01-11,2.5,2004
11,2004-01-12,3.0,2004
12,2004-01-13,3.0,2004
13,2004-01-14,4.8,2004
14,2004-01-15,1.8,2004
15,2004-01-16,2.7,2004
16,2004-01-17,4.1,2004
17,2004-01-18,-0.4,2004
18,2004-01-19,-0.5,2004
19,2004-01-20,0.3,2004
20,2004-01-21,-2.1,2004
21,2004-01-22,-6.4,2004
22,2004-01-23,-8.5,2004
23,2004-01-24,-8.3,2004
24,2004-01-25,-7.6,2004
25,2004-01-26,-5.5,2004
26,2004-01-27,-3.8,2004
27,2004-01-28,-3.6,2004
28,2004-01-29,-1.2,2004
29,2004-01-30,0.3,2004
30,2004-01-31,2.6,2004
31,2004-02-01,7.9,2004
32,2004-02-02,7.0,2004
33,2004-02-03,8.6,2004
34,2004-02-04,11.8,2004
35,2004-02-05,13.0,2004
36,2004-02-06,11.2,2004
37,2004-02-07,7.8,2004
38,2004-02-08,3.1,2004
39,2004-02-09,1.0,2004
40,2004-02-10,-0.2,2004
41,2004-02-11,-0.2,2004
42,2004-02-12,-3.0,2004
43,2004-02-13,2.3,2004
44,2004-02-14,4.1,2004
45,2004-02-15,1.7,2004
46,2004-02-16,0.3,2004
47,2004-02-17,3.1,2004
48,2004-02-18,2.7,2004
49,2004-02-19,-0.4,2004
50,2004-02-20,-1.7,2004
51,2004-02-21,0.0,2004
52,2004-02-22,0.6,2004
53,2004-02-23,-0.3,2004
54,2004-02-24,0.3,2004
55,2004-02-25,0.0,2004
56,2004-02-26,-1.4,2004
57,2004-02-27,-2.5,2004
58,2004-02-28,-2.0,2004
59,2004-02-29,-1.2,2004
60,2004-03-01,0.2,2004
61,2004-03-02,3.1,2004
62,2004-03-03,2.6,2004
63,2004-03-04,-1.6,2004
64,2004-03-05,-1.7,2004
65,2004-03-06,-1.0,2004
66,2004-03-07,0.0,2004
67,2004-03-08,1.1,2004
68,2004-03-09,1.1,2004
69,2004-03-10,1.5,2004
70,2004-03-11,3.5,2004
71,2004-03-12,4.5,2004
72,2004-03-13,6.8,2004
73,2004-03-14,8.0,2004
74,2004-03-15,10.1,2004
75,2004-03-16,10.8,2004
76,2004-03-17,12.5,2004
77,2004-03-18,11.3,2004
78,2004-03-19,12.0,2004
79,2004-03-20,9.9,2004
80,2004-03-21,9.9,2004
81,2004-03-22,6.3,2004
82,2004-03-23,5.1,2004
83,2004-03-24,5.4,2004
84,2004-03-25,2.3,2004
85,2004-03-26,1.3,2004
86,2004-03-27,0.8,2004
87,2004-03-28,4.4,2004
88,2004-03-29,7.1,2004
89,2004-03-30,7.4,2004
90,2004-03-31,8.7,2004
91,2004-04-01,9.6,2004
92,2004-04-02,9.1,2004
93,2004-04-03,9.4,2004
94,2004-04-04,9.4,2004
95,2004-04-05,7.1,2004
96,2004-04-06,5.1,2004
97,2004-04-07,5.8,2004
98,2004-04-08,4.7,2004
99,2004-04-09,5.2,2004
100,2004-04-10,4.8,2004
101,2004-04-11,5.1,2004
102,2004-04-12,6.0,2004
103,2004-04-13,8.1,2004
104,2004-04-14,8.3,2004
105,2004-04-15,10.6,2004
106,2004-04-16,12.5,2004
107,2004-04-17,12.2,2004
108,2004-04-18,13.4,2004
109,2004-04-19,10.8,2004
110,2004-04-20,9.2,2004
111,2004-04-21,12.4,2004
112,2004-04-22,15.2,2004
113,2004-04-23,10.4,2004
114,2004-04-24,8.8,2004
115,2004-04-25,11.1,2004
116,2004-04-26,10.6,2004
117,2004-04-27,12.2,2004
118,2004-04-28,12.7,2004
119,2004-04-29,13.8,2004
120,2004-04-30,16.4,2004
121,2004-05-01,16.8,2004
122,2004-05-02,12.9,2004
123,2004-05-03,15.0,2004
124,2004-05-04,15.4,2004
125,2004-05-05,16.7,2004
126,2004-05-06,14.6,2004
127,2004-05-07,12.0,2004
128,2004-05-08,10.2,2004
129,2004-05-09,10.2,2004
130,2004-05-10,13.7,2004
131,2004-05-11,14.3,2004
132,2004-05-12,10.9,2004
133,2004-05-13,9.6,2004
134,2004-05-14,9.1,2004
135,2004-05-15,10.7,2004
136,2004-05-16,13.4,2004
137,2004-05-17,14.8,2004
138,2004-05-18,16.0,2004
139,2004-05-19,14.9,2004
140,2004-05-20,13.6,2004
141,2004-05-21,11.4,2004
142,2004-05-22,8.9,2004
143,2004-05-23,7.5,2004
144,2004-05-24,8.3,2004
145,2004-05-25,9.9,2004
146,2004-05-26,9.4,2004
147,2004-05-27,9.2,2004
148,2004-05-28,12.1,2004
149,2004-05-29,14.5,2004
150,2004-05-30,16.9,2004
151,2004-05-31,18.8,2004
152,2004-06-01,16.2,2004
153,2004-06-02,14.3,2004
154,2004-06-03,18.5,2004
155,2004-06-04,14.3,2004
156,2004-06-05,14.8,2004
157,2004-06-06,15.6,2004
158,2004-06-07,17.3,2004
159,2004-06-08,19.5,2004
160,2004-06-09,14.9,2004
161,2004-06-10,18.7,2004
162,2004-06-11,18.9,2004
163,2004-06-12,15.1,2004
164,2004-06-13,15.2,2004
165,2004-06-14,15.8,2004
166,2004-06-15,18.1,2004
167,2004-06-16,13.6,2004
168,2004-06-17,12.4,2004
169,2004-06-18,14.0,2004
170,2004-06-19,13.2,2004
171,2004-06-20,13.4,2004
172,2004-06-21,14.7,2004
173,2004-06-22,15.2,2004
174,2004-06-23,16.9,2004
175,2004-06-24,16.5,2004
176,2004-06-25,13.9,2004
177,2004-06-26,14.2,2004
178,2004-06-27,15.6,2004
179,2004-06-28,16.5,2004
180,2004-06-29,14.3,2004
181,2004-06-30,16.6,2004
182,2004-07-01,17.1,2004
183,2004-07-02,15.6,2004
184,2004-07-03,14.2,2004
185,2004-07-04,16.7,2004
186,2004-07-05,15.7,2004
187,2004-07-06,14.9,2004
188,2004-07-07,17.7,2004
189,2004-07-08,20.0,2004
190,2004-07-09,19.1,2004
191,2004-07-10,15.4,2004
192,2004-07-11,15.6,2004
193,2004-07-12,13.6,2004
194,2004-07-13,14.3,2004
195,2004-07-14,15.3,2004
196,2004-07-15,17.5,2004
197,2004-07-16,17.1,2004
198,2004-07-17,20.6,2004
199,2004-07-18,22.9,2004
200,2004-07-19,20.4,2004
201,2004-07-20,21.5,2004
202,2004-07-21,20.4,2004
203,2004-07-22,17.0,2004
204,2004-07-23,20.2,2004
205,2004-07-24,20.2,2004
206,2004-07-25,17.6,2004
207,2004-07-26,14.9,2004
208,2004-07-27,15.3,2004
209,2004-07-28,17.1,2004
210,2004-07-29,18.5,2004
211,2004-07-30,20.8,2004
212,2004-07-31,22.1,2004
213,2004-08-01,20.7,2004
214,2004-08-02,20.1,2004
215,2004-08-03,20.0,2004
216,2004-08-04,21.8,2004
217,2004-08-05,24.0,2004
218,2004-08-06,22.8,2004
219,2004-08-07,22.5,2004
220,2004-08-08,23.2,2004
221,2004-08-09,23.4,2004
222,2004-08-10,24.0,2004
223,2004-08-11,24.0,2004
224,2004-08-12,23.9,2004
225,2004-08-13,19.1,2004
226,2004-08-14,18.2,2004
227,2004-08-15,18.3,2004
228,2004-08-16,20.5,2004
229,2004-08-17,21.4,2004
230,2004-08-18,21.6,2004
231,2004-08-19,22.2,2004
232,2004-08-20,19.0,2004
233,2004-08-21,16.6,2004
234,2004-08-22,15.5,2004
235,2004-08-23,15.3,2004
236,2004-08-24,17.4,2004
237,2004-08-25,17.1,2004
238,2004-08-26,15.7,2004
239,2004-08-27,15.9,2004
240,2004-08-28,17.3,2004
241,2004-08-29,16.4,2004
242,2004-08-30,15.2,2004
243,2004-08-31,13.8,2004
244,2004-09-01,13.6,2004
245,2004-09-02,14.9,2004
246,2004-09-03,17.8,2004
247,2004-09-04,18.2,2004
248,2004-09-05,18.1,2004
249,2004-09-06,18.9,2004
250,2004-09-07,19.0,2004
251,2004-09-08,15.3,2004
252,2004-09-09,12.2,2004
253,2004-09-10,14.4,2004
254,2004-09-11,17.0,2004
255,2004-09-12,16.0,2004
256,2004-09-13,14.9,2004
257,2004-09-14,19.0,2004
258,2004-09-15,15.7,2004
259,2004-09-16,11.7,2004
260,2004-09-17,12.4,2004
261,2004-09-18,14.3,2004
262,2004-09-19,14.5,2004
263,2004-09-20,14.4,2004
264,2004-09-21,12.6,2004
265,2004-09-22,11.4,2004
266,2004-09-23,10.8,2004
267,2004-09-24,11.7,2004
268,2004-09-25,12.7,2004
269,2004-09-26,10.5,2004
270,2004-09-27,12.0,2004
271,2004-09-28,12.4,2004
272,2004-09-29,13.5,2004
273,2004-09-30,11.5,2004
274,2004-10-01,11.0,2004
275,2004-10-02,11.4,2004
276,2004-10-03,12.8,2004
277,2004-10-04,13.2,2004
278,2004-10-05,17.7,2004
279,2004-10-06,15.0,2004
280,2004-10-07,12.1,2004
281,2004-10-08,7.8,2004
282,2004-10-09,7.1,2004
283,2004-10-10,6.2,2004
284,2004-10-11,5.4,2004
285,2004-10-12,4.8,2004
286,2004-10-13,7.6,2004
287,2004-10-14,7.2,2004
288,2004-10-15,7.1,2004
289,2004-10-16,7.1,2004
290,2004-10-17,7.3,2004
291,2004-10-18,9.2,2004
292,2004-10-19,7.5,2004
293,2004-10-20,7.9,2004
294,2004-10-21,11.6,2004
295,2004-10-22,9.7,2004
296,2004-10-23,13.0,2004
297,2004-10-24,16.0,2004
298,2004-10-25,14.5,2004
299,2004-10-26,11.0,2004
300,2004-10-27,9.3,2004
301,2004-10-28,8.9,2004
302,2004-10-29,10.2,2004
303,2004-10-30,10.7,2004
304,2004-10-31,11.2,2004
305,2004-11-01,8.9,2004
306,2004-11-02,8.4,2004
307,2004-11-03,9.2,2004
308,2004-11-04,11.2,2004
309,2004-11-05,9.3,2004
310,2004-11-06,6.8,2004
311,2004-11-07,5.0,2004
312,2004-11-08,2.8,2004
313,2004-11-09,4.4,2004
314,2004-11-10,3.4,2004
315,2004-11-11,2.0,2004
316,2004-11-12,3.8,2004
317,2004-11-13,4.2,2004
318,2004-11-14,-0.3,2004
319,2004-11-15,2.7,2004
320,2004-11-16,6.6,2004
321,2004-11-17,8.0,2004
322,2004-11-18,7.6,2004
323,2004-11-19,0.8,2004
324,2004-11-20,1.3,2004
325,2004-11-21,1.1,2004
326,2004-11-22,4.7,2004
327,2004-11-23,5.2,2004
328,2004-11-24,-0.4,2004
329,2004-11-25,0.0,2004
330,2004-11-26,-0.2,2004
331,2004-11-27,4.6,2004
332,2004-11-28,4.9,2004
333,2004-11-29,4.9,2004
334,2004-11-30,2.3,2004
335,2004-12-01,3.4,2004
336,2004-12-02,2.6,2004
337,2004-12-03,2.1,2004
338,2004-12-04,2.9,2004
339,2004-12-05,1.4,2004
340,2004-12-06,6.6,2004
341,2004-12-07,6.0,2004
342,2004-12-08,4.1,2004
343,2004-12-09,3.6,2004
344,2004-12-10,-0.7,2004
345,2004-12-11,-1.9,2004
346,2004-12-12,2.0,2004
347,2004-12-13,0.9,2004
348,2004-12-14,-2.4,2004
349,2004-12-15,-1.0,2004
350,2004-12-16,1.2,2004
351,2004-12-17,3.1,2004
352,2004-12-18,2.1,2004
353,2004-12-19,-0.5,2004
354,2004-12-20,-2.6,2004
355,2004-12-21,-2.8,2004
356,2004-12-22,-3.5,2004
357,2004-12-23,3.9,2004
358,2004-12-24,6.2,2004
359,2004-12-25,5.4,2004
360,2004-12-26,1.0,2004
361,2004-12-27,2.3,2004
362,2004-12-28,0.3,2004
363,2004-12-29,1.6,2004
364,2004-12-30,2.9,2004
365,2004-12-31,5.2,2004
0,2005-01-01,5.2,2005
1,2005-01-02,5.2,2005
2,2005-01-03,4.0,2005
3,2005-01-04,7.4,2005
4,2005-01-05,5.5,2005
5,2005-01-06,5.0,2005
6,2005-01-07,7.6,2005
7,2005-01-08,9.0,2005
8,2005-01-09,6.0,2005
9,2005-01-10,9.1,2005
10,2005-01-11,7.4,2005
11,2005-01-12,7.1,2005
12,2005-01-13,3.3,2005
13,2005-01-14,3.9,2005
14,2005-01-15,2.0,2005
15,2005-01-16,-0.6,2005
16,2005-01-17,0.8,2005
17,2005-01-18,3.1,2005
18,2005-01-19,2.2,2005
19,2005-01-20,3.6,2005
20,2005-01-21,3.4,2005
21,2005-01-22,1.4,2005
22,2005-01-23,0.3,2005
23,2005-01-24,-0.8,2005
24,2005-01-25,-2.5,2005
25,2005-01-26,-4.8,2005
26,2005-01-27,-3.5,2005
27,2005-01-28,-2.4,2005
28,2005-01-29,-4.6,2005
29,2005-01-30,-2.0,2005
30,2005-01-31,3.5,2005
31,2005-02-01,2.2,2005
32,2005-02-02,1.4,2005
33,2005-02-03,2.1,2005
34,2005-02-04,1.1,2005
35,2005-02-05,-1.3,2005
36,2005-02-06,-3.7,2005
37,2005-02-07,-4.7,2005
38,2005-02-08,-3.1,2005
39,2005-02-09,-0.1,2005
40,2005-02-10,4.2,2005
41,2005-02-11,3.1,2005
42,2005-02-12,4.0,2005
43,2005-02-13,2.1,2005
44,2005-02-14,-0.6,2005
45,2005-02-15,-0.1,2005
46,2005-02-16,0.1,2005
47,2005-02-17,-0.9,2005
48,2005-02-18,-4.3,2005
49,2005-02-19,-1.5,2005
50,2005-02-20,0.4,2005
51,2005-02-21,-0.8,2005
52,2005-02-22,-2.5,2005
53,2005-02-23,-0.2,2005
54,2005-02-24,-2.1,2005
55,2005-02-25,0.3,2005
56,2005-02-26,-1.0,2005
57,2005-02-27,-5.0,2005
58,2005-02-28,-6.4,2005
59,2005-03-01,-4.2,2005
60,2005-03-02,-3.7,2005
61,2005-03-03,-3.9,2005
62,2005-03-04,-2.9,2005
63,2005-03-05,-3.6,2005
64,2005-03-06,-3.1,2005
65,2005-03-07,-1.7,2005
66,2005-03-08,1.7,2005
67,2005-03-09,-1.2,2005
68,2005-03-10,-3.1,2005
69,2005-03-11,0.9,2005
70,2005-03-12,2.0,2005
71,2005-03-13,1.3,2005
72,2005-03-14,2.5,2005
73,2005-03-15,5.1,2005
74,2005-03-16,12.0,2005
75,2005-03-17,12.6,2005
76,2005-03-18,10.7,2005
77,2005-03-19,1.2,2005
78,2005-03-20,-0.4,2005
79,2005-03-21,1.0,2005
80,2005-03-22,4.1,2005
81,2005-03-23,7.0,2005
82,2005-03-24,10.5,2005
83,2005-03-25,10.6,2005
84,2005-03-26,8.1,2005
85,2005-03-27,8.3,2005
86,2005-03-28,7.0,2005
87,2005-03-29,7.0,2005
88,2005-03-30,6.3,2005
89,2005-03-31,4.7,2005
90,2005-04-01,6.0,2005
91,2005-04-02,7.8,2005
92,2005-04-03,10.4,2005
93,2005-04-04,11.4,2005
94,2005-04-05,8.1,2005
95,2005-04-06,8.8,2005
96,2005-04-07,11.1,2005
97,2005-04-08,8.2,2005
98,2005-04-09,5.4,2005
99,2005-04-10,5.1,2005
100,2005-04-11,8.3,2005
101,2005-04-12,10.2,2005
102,2005-04-13,10.8,2005
103,2005-04-14,11.9,2005
104,2005-04-15,14.6,2005
105,2005-04-16,14.6,2005
106,2005-04-17,14.3,2005
107,2005-04-18,11.8,2005
108,2005-04-19,9.3,2005
109,2005-04-20,5.4,2005
110,2005-04-21,3.8,2005
111,2005-04-22,6.9,2005
112,2005-04-23,7.5,2005
113,2005-04-24,8.9,2005
114,2005-04-25,10.2,2005
115,2005-04-26,11.3,2005
116,2005-04-27,9.8,2005
117,2005-04-28,10.2,2005
118,2005-04-29,11.4,2005
119,2005-04-30,15.4,2005
120,2005-05-01,18.4,2005
121,2005-05-02,21.5,2005
122,2005-05-03,18.0,2005
123,2005-05-04,14.7,2005
124,2005-05-05,11.9,2005
125,2005-05-06,9.1,2005
126,2005-05-07,7.2,2005
127,2005-05-08,7.8,2005
128,2005-05-09,6.9,2005
129,2005-05-10,6.2,2005
130,2005-05-11,6.6,2005
131,2005-05-12,7.3,2005
132,2005-05-13,10.6,2005
133,2005-05-14,11.3,2005
134,2005-05-15,10.0,2005
135,2005-05-16,11.9,2005
136,2005-05-17,7.9,2005
137,2005-05-18,9.4,2005
138,2005-05-19,10.2,2005
139,2005-05-20,13.8,2005
140,2005-05-21,17.0,2005
141,2005-05-22,17.3,2005
142,2005-05-23,16.4,2005
143,2005-05-24,15.0,2005
144,2005-05-25,17.7,2005
145,2005-05-26,20.1,2005
146,2005-05-27,22.9,2005
147,2005-05-28,24.8,2005
148,2005-05-29,22.1,2005
149,2005-05-30,15.1,2005
150,2005-05-31,11.6,2005
151,2005-06-01,9.8,2005
152,2005-06-02,11.8,2005
153,2005-06-03,19.5,2005
154,2005-06-04,18.1,2005
155,2005-06-05,13.3,2005
156,2005-06-06,11.4,2005
157,2005-06-07,10.1,2005
158,2005-06-08,12.1,2005
159,2005-06-09,14.1,2005
160,2005-06-10,12.2,2005
161,2005-06-11,10.1,2005
162,2005-06-12,9.7,2005
163,2005-06-13,13.1,2005
164,2005-06-14,17.2,2005
165,2005-06-15,19.4,2005
166,2005-06-16,20.6,2005
167,2005-06-17,19.4,2005
168,2005-06-18,17.4,2005
169,2005-06-19,18.1,2005
170,2005-06-20,19.4,2005
171,2005-06-21,22.6,2005
172,2005-06-22,18.9,2005
173,2005-06-23,20.5,2005
174,2005-06-24,23.7,2005
175,2005-06-25,23.0,2005
176,2005-06-26,19.3,2005
177,2005-06-27,19.3,2005
178,2005-06-28,17.5,2005
179,2005-06-29,19.2,2005
180,2005-06-30,19.1,2005
181,2005-07-01,16.8,2005
182,2005-07-02,18.3,2005
183,2005-07-03,21.4,2005
184,2005-07-04,22.7,2005
185,2005-07-05,13.9,2005
186,2005-07-06,12.8,2005
187,2005-07-07,15.3,2005
188,2005-07-08,14.9,2005
189,2005-07-09,17.9,2005
190,2005-07-10,22.0,2005
191,2005-07-11,22.3,2005
192,2005-07-12,23.7,2005
193,2005-07-13,23.9,2005
194,2005-07-14,22.5,2005
195,2005-07-15,22.5,2005
196,2005-07-16,18.8,2005
197,2005-07-17,16.9,2005
198,2005-07-18,19.6,2005
199,2005-07-19,20.2,2005
200,2005-07-20,16.3,2005
201,2005-07-21,13.3,2005
202,2005-07-22,16.5,2005
203,2005-07-23,14.4,2005
204,2005-07-24,17.3,2005
205,2005-07-25,19.1,2005
206,2005-07-26,17.9,2005
207,2005-07-27,18.3,2005
208,2005-07-28,22.8,2005
209,2005-07-29,23.9,2005
210,2005-07-30,21.7,2005
211,2005-07-31,20.1,2005
212,2005-08-01,17.0,2005
213,2005-08-02,17.0,2005
214,2005-08-03,15.9,2005
215,2005-08-04,15.6,2005
216,2005-08-05,15.8,2005
217,2005-08-06,14.4,2005
218,2005-08-07,12.5,2005
219,2005-08-08,13.4,2005
220,2005-08-09,12.8,2005
221,2005-08-10,13.5,2005
222,2005-08-11,14.7,2005
223,2005-08-12,16.4,2005
224,2005-08-13,14.2,2005
225,2005-08-14,14.9,2005
226,2005-08-15,17.2,2005
227,2005-08-16,17.0,2005
228,2005-08-17,16.2,2005
229,2005-08-18,18.4,2005
230,2005-08-19,19.8,2005
231,2005-08-20,21.3,2005
232,2005-08-21,21.3,2005
233,2005-08-22,19.9,2005
234,2005-08-23,17.0,2005
235,2005-08-24,17.7,2005
236,2005-08-25,16.5,2005
237,2005-08-26,14.4,2005
238,2005-08-27,14.8,2005
239,2005-08-28,16.3,2005
240,2005-08-29,19.2,2005
241,2005-08-30,19.1,2005
242,2005-08-31,18.5,2005
243,2005-09-01,19.5,2005
244,2005-09-02,18.9,2005
245,2005-09-03,18.5,2005
246,2005-09-04,17.0,2005
247,2005-09-05,18.1,2005
248,2005-09-06,18.9,2005
249,2005-09-07,19.4,2005
250,2005-09-08,20.2,2005
251,2005-09-09,21.0,2005
252,2005-09-10,20.9,2005
253,2005-09-11,18.4,2005
254,2005-09-12,17.3,2005
255,2005-09-13,14.5,2005
256,2005-09-14,15.0,2005
257,2005-09-15,16.4,2005
258,2005-09-16,11.5,2005
259,2005-09-17,11.0,2005
260,2005-09-18,10.5,2005
261,2005-09-19,11.4,2005
262,2005-09-20,12.5,2005
263,2005-09-21,13.3,2005
264,2005-09-22,13.6,2005
265,2005-09-23,14.0,2005
266,2005-09-24,15.2,2005
267,2005-09-25,15.7,2005
268,2005-09-26,14.2,2005
269,2005-09-27,14.8,2005
270,2005-09-28,12.7,2005
271,2005-09-29,10.4,2005
272,2005-09-30,10.4,2005
273,2005-10-01,10.0,2005
274,2005-10-02,11.7,2005
275,2005-10-03,12.8,2005
276,2005-10-04,14.3,2005
277,2005-10-05,13.8,2005
278,2005-10-06,13.6,2005
279,2005-10-07,13.1,2005
280,2005-10-08,14.9,2005
281,2005-10-09,12.9,2005
282,2005-10-10,11.8,2005
283,2005-10-11,12.2,2005
284,2005-10-12,11.6,2005
285,2005-10-13,9.7,2005
286,2005-10-14,9.2,2005
287,2005-10-15,8.8,2005
288,2005-10-16,6.8,2005
289,2005-10-17,9.8,2005
290,2005-10-18,6.7,2005
291,2005-10-19,6.0,2005
292,2005-10-20,9.4,2005
293,2005-10-21,11.7,2005
294,2005-10-22,13.3,2005
295,2005-10-23,11.9,2005
296,2005-10-24,9.2,2005
297,2005-10-25,13.7,2005
298,2005-10-26,12.7,2005
299,2005-10-27,11.6,2005
300,2005-10-28,12.2,2005
301,2005-10-29,9.3,2005
302,2005-10-30,10.0,2005
303,2005-10-31,7.7,2005
304,2005-11-01,8.3,2005
305,2005-11-02,9.3,2005
306,2005-11-03,11.3,2005
307,2005-11-04,11.3,2005
308,2005-11-05,8.6,2005
309,2005-11-06,5.9,2005
310,2005-11-07,6.4,2005
311,2005-11-08,9.4,2005
312,2005-11-09,7.3,2005
313,2005-11-10,6.4,2005
314,2005-11-11,9.9,2005
315,2005-11-12,7.8,2005
316,2005-11-13,4.8,2005
317,2005-11-14,6.3,2005
318,2005-11-15,5.2,2005
319,2005-11-16,4.2,2005
320,2005-11-17,1.5,2005
321,2005-11-18,1.2,2005
322,2005-11-19,0.1,2005
323,2005-11-20,2.2,2005
324,2005-11-21,1.8,2005
325,2005-11-22,2.3,2005
326,2005-11-23,4.1,2005
327,2005-11-24,0.8,2005
328,2005-11-25,-1.3,2005
329,2005-11-26,-0.1,2005
330,2005-11-27,-1.2,2005
331,2005-11-28,-1.6,2005
332,2005-11-29,-0.2,2005
333,2005-11-30,1.4,2005
334,2005-12-01,-0.6,2005
335,2005-12-02,-1.3,2005
336,2005-12-03,-0.9,2005
337,2005-12-04,2.2,2005
338,2005-12-05,4.2,2005
339,2005-12-06,1.7,2005
340,2005-12-07,0.9,2005
341,2005-12-08,2.5,2005
342,2005-12-09,2.1,2005
343,2005-12-10,-0.8,2005
344,2005-12-11,1.2,2005
345,2005-12-12,4.0,2005
346,2005-12-13,1.7,2005
347,2005-12-14,4.6,2005
348,2005-12-15,5.7,2005
349,2005-12-16,2.9,2005
350,2005-12-17,0.0,2005
351,2005-12-18,0.0,2005
352,2005-12-19,0.6,2005
353,2005-12-20,3.8,2005
354,2005-12-21,1.3,2005
355,2005-12-22,4.8,2005
356,2005-12-23,5.0,2005
357,2005-12-24,6.6,2005
358,2005-12-25,1.3,2005
359,2005-12-26,-0.9,2005
360,2005-12-27,-2.4,2005
361,2005-12-28,-4.2,2005
362,2005-12-29,-3.4,2005
363,2005-12-30,-5.9,2005
364,2005-12-31,-4.3,2005
