S.No.,Date,Item,Qty,Price,Clubcard,Clubcard Discount,Total,Source
1,9/3/23,fresh milk,1,€2.09,no,€0.00,€2.09,Tesco
2,9/3/23,carrot bag,2,€0.70,yes,€0.22,€1.18,Tesco
3,9/3/23,double cream,1,€1.39,no,€0.00,€1.39,Tesco
4,9/3/23,t red onion,2,€0.79,no,€0.00,€1.58,Tesco
5,9/3/23,mushroom,1,€1.15,no,€0.00,€1.15,Tesco
6,9/3/23,banana loose,1,€1.86,no,€0.00,€1.86,Tesco
7,9/3/23,finger ghillis,1,€0.99,no,€0.00,€0.99,Tesco
8,9/3/23,orange,1,€0.99,yes,€0.40,€0.59,Tesco
9,9/3/23,apple,1,€0.89,yes,€0.30,€0.59,Tesco
10,9/3/23,tiramisu,1,€4.39,no,€0.00,€4.39,Tesco
11,8/11/23,brioche,2,€1.11,no,€0.00,€2.22,Tesco
12,8/11/23,cauliflower,1,€1.69,no,€0.00,€1.69,Tesco
13,8/11/23,baby potato,1,€1.09,no,€0.00,€1.09,Tesco
14,8/29/23,garlic,1,€0.87,no,€0.00,€0.87,Tesco
15,8/29/23,chocolate cake,1,€4.00,no,€0.00,€4.00,Tesco
16,8/6/23,choc muffins,1,€1.35,no,€0.00,€1.35,Tesco
17,8/6/23,super milk 1L,1,€1.65,no,€0.00,€1.65,Tesco
18,8/6/23,brioche,1,€1.11,no,€0.00,€1.11,Tesco
19,8/6/23,cheese,1,€1.99,no,€0.00,€1.99,Tesco
20,8/6/23,chocolate,1,€2.00,yes,€0.50,€1.50,Tesco
21,8/6/23,natural yogurt,1,€1.09,no,€0.00,€1.09,Tesco
22,8/6/23,banana loose,1,€1.52,no,€0.00,€1.52,Tesco
23,8/6/23,coriander,1,€1.49,no,€0.00,€1.49,Tesco
24,8/6/23,baby potato,1,€1.09,no,€0.00,€1.09,Tesco
25,8/6/23,t red onion,1,€0.79,no,€0.00,€0.79,Tesco
26,8/6/23,cucumber whole,1,€0.75,yes,€0.16,€0.59,Tesco
27,8/6/23,beans metro,1,€0.99,no,€0.00,€0.99,Tesco
28,8/6/23,finger ghillis,1,€0.99,no,€0.00,€0.99,Tesco
29,8/25/23,choc muffins,1,€1.35,no,€0.00,€1.35,Tesco
30,8/25/23,cream crackers,1,€0.70,no,€0.00,€0.70,Tesco
31,8/25/23,aubergin,2,€0.69,no,€0.00,€1.38,Tesco
32,8/25/23,eggs,1,€3.05,yes,€0.55,€2.50,Tesco
33,8/25/23,bunster bun,1,€2.49,no,€0.00,€2.49,Tesco
34,8/25/23,fresh milk,1,€0.70,no,€0.00,€0.70,Tesco
35,8/25/23,tomato,1,€1.19,no,€0.00,€1.19,Tesco
36,8/25/23,coca cola,1,€1.45,no,€0.00,€1.45,Tesco
37,8/26/23,chiken legs,1,€3.99,no,€0.00,€3.99,Tesco
38,8/23/23,dish drainer,1,€2.00,no,€0.00,€2.00,EuroGaint
39,8/23/23,usb cable,1,€1.50,no,€0.00,€1.50,EuroGaint
40,9/1/23,baby potato,1,€1.09,no,€0.00,€1.09,Dunnes
41,9/4/23,raid ant and cockroach,1,€3.50,no,€0.00,€3.50,Dealz
42,9/4/23,bamboo glass dish,1,€6.00,no,€0.00,€6.00,Dealz
43,9/4/23,burger mayo,1,€1.75,no,€0.00,€1.75,Dunnes
44,9/4/23,chick burger,2,€3.00,no,€0.00,€6.00,Dunnes
45,9/4/23,tomato,1,€1.19,no,€0.00,€1.19,Dunnes
46,9/4/23,cucumber whole,1,€0.75,no,€0.00,€0.75,Tesco
47,9/4/23,garlic,2,€0.87,no,€0.00,€1.74,Tesco
48,9/4/23,bunster bun,1,€2.49,no,€0.00,€2.49,Tesco
49,8/28/23,cumin seed,1,€1.00,no,€0.00,€1.00,Tesco
50,8/28/23,juice,2,€1.75,no,€0.00,€3.50,Noor
51,8/19/23,chick burger,1,€5.00,no,€0.00,€5.00,Dunnes
52,9/3/23,room freshner,1,€1.79,no,€0.00,€1.79,Mr Price
53,9/3/23,coca cola,3,€0.66,no,€0.00,€1.98,Mr Price
54,9/1/23,mutton,1,€7.68,no,€0.00,€7.68,Noor
55,9/1/23,tamarind,1,€2.19,no,€0.00,€2.19,Noor
56,9/1/23,vuja,1,€1.49,no,€0.00,€1.49,Noor
57,9/1/23,poha,1,€4.99,no,€0.00,€4.99,Noor
58,8/15/23,choc muffins,1,€1.35,no,€0.00,€1.35,Tesco
59,8/15/23,bleach,1,€1.20,no,€0.00,€1.20,Tesco
60,8/15/23,basmati rice,2,€1.59,no,€0.00,€3.18,Tesco
61,8/15/23,kiwi,1,€1.29,no,€0.00,€1.29,Tesco
62,8/15/23,cucumber whole,1,€0.75,yes,€0.16,€0.59,Tesco
63,8/15/23,tomato,1,€1.19,no,€0.00,€1.19,Tesco
64,8/15/23,t red onion,2,€0.79,no,€0.00,€1.58,Tesco
65,8/15/23,fresh milk,1,€0.70,no,€0.00,€0.70,Tesco
66,8/15/23,fish,1,€14.59,no,€0.00,€14.59,Noor
67,8/15/23,meat,1,€4.01,no,€0.00,€4.01,Noor
68,8/18/23,paneer,1,€1.99,no,€0.00,€1.99,Dunnes
69,8/18/23,chocolate bar,1,€3.00,no,€0.00,€3.00,Dunnes
70,9/4/23,eggs,1,€2.75,no,€0.00,€2.75,Dunnes
71,8/22/23,coriander,1,€1.00,no,€0.00,€1.00,Dunnes
72,8/22/23,ginger,1,€0.99,no,€0.00,€0.99,Dunnes
73,8/23/23,chiken fillet,1,€2.99,no,€0.00,€2.99,Aldi
74,8/23/23,salt,1,€0.45,no,€0.00,€0.45,Aldi
75,8/23/23,peas,2,€0.43,no,€0.00,€0.86,Aldi
76,8/23/23,pasta,1,€0.85,no,€0.00,€0.85,Aldi
77,8/23/23,dish brush,1,€1.99,no,€0.00,€1.99,Aldi
78,8/23/23,peelers,1,€0.99,no,€0.00,€0.99,Aldi
79,8/27/23,t red onion,2,€0.79,no,€0.00,€1.58,Tesco
80,8/18/23,cauliflower,1,€1.69,no,€0.00,€1.69,Tesco
81,8/18/23,bunster bun,1,€2.25,no,€0.00,€2.25,Tesco
82,8/18/23,cucumber whole,1,€0.75,yes,€0.16,€0.59,Tesco
83,8/27/23,cheese ball,1,€1.00,no,€0.00,€1.00,Tesco
84,8/27/23,crisps,1,€2.69,no,€0.00,€2.69,Tesco
85,8/27/23,orange,1,€0.99,yes,€0.40,€0.59,Tesco
86,8/22/23,white board,1,€6.00,yes,€1.50,€4.50,Tesco
87,8/22/23,pasta,1,€0.85,no,€0.00,€0.85,Tesco
88,8/22/23,banana loose,1,€1.99,no,€0.00,€1.99,Tesco
89,8/22/23,soy sauce,1,€0.95,no,€0.00,€0.95,Tesco
90,8/22/23,choc muffins,1,€1.35,no,€0.00,€1.35,Tesco
91,8/22/23,fresh milk,1,€0.70,no,€0.00,€0.70,Tesco
92,8/22/23,peas,1,€0.99,no,€0.00,€0.99,Tesco
93,8/22/23,baby potato,1,€1.09,no,€0.00,€1.09,Tesco
94,8/22/23,beans metro,1,€0.99,no,€0.00,€0.99,Tesco
95,8/22/23,chiken legs,1,€3.99,no,€0.00,€3.99,Tesco
96,8/22/23,cheese,1,€1.99,no,€0.00,€1.99,Tesco
97,,,,,,,,
98,,,,,,,,
99,,,,,,,€192.53,
100,,,,,,,,